{"selfish": {"beta_player1": 0.3415497346239264, "beta_player2": 0.29010962653286543}, "inequality": {"beta_player1": 0.13528952249673518, "beta_player2": 0.11989517840189348}}