{"selfish": {"beta_player1": 0.3236879261740955, "beta_player2": 0.32945424128950823}, "inequality": {"beta_player1": 0.32429781660794743, "beta_player2": 0.3294559702223987, "delta_player1": 4.3107948757682025e-17, "delta_player2": 0.008172801872965475, "alpha_player1": 1.741036608573316e-16, "alpha_player2": 0.008172801872965577}, "reciprocity": {"beta_player1": 0.3243611243473952, "beta_player2": 0.327819034208289, "theta_player2": 0.004089003829285696}}